{
  "function": "sin",
  "mr_count": 2,
  "kill_rate": 0.5128205128205128,
  "mrs": [
    {
      "c1": 0.6237293495904949,
      "c2": -0.6236791352147031,
      "a": 1.0,
      "b": -6.283185307179586,
      "d": 6.796826804312875e-06
    },
    {
      "c1": 0.33723460134444894,
      "c2": 0.33720931275230304,
      "a": 1.0,
      "b": 3.1419339263815123,
      "d": 4.1817275675531376e-05
    }
  ],
  "metrics": {
    "kill_rate_pct": 51.28,
    "killed": 40,
    "n_mutants": 78,
    "mr_precision_pct": 50.0,
    "avg_pso_iterations": 95.75,
    "converged_runs": 3,
    "runtime_seconds": 6.725,
    "used_llm": true
  }
}