{
  "function": "log1p",
  "mr_count": 3,
  "kill_rate": 0.7948717948717948,
  "mrs": [
    {
      "c1": 0.7071121273373956,
      "c2": -0.7071421772007391,
      "a": 0.7452200575235939,
      "b": -0.25505095693389357,
      "d": -0.20788871038417356
    },
    {
      "c1": 0.3920161779704041,
      "c2": -0.3920862786574771,
      "a": 0.7021412384801976,
      "b": -0.2979273323506248,
      "d": -0.1383914262853987
    },
    {
      "c1": -0.25556178700980064,
      "c2": 0.25547882114108306,
      "a": 0.4332981427467254,
      "b": -0.566461109687661,
      "d": 0.21404448408775711
    }
  ],
  "metrics": {
    "kill_rate_pct": 79.49,
    "killed": 62,
    "n_mutants": 78,
    "mr_precision_pct": 100.0,
    "avg_pso_iterations": 270.5625,
    "converged_runs": 13,
    "runtime_seconds": 11.014,
    "used_llm": true
  }
}