{
  "function": "log10",
  "mr_count": 2,
  "kill_rate": 0.6666666666666666,
  "mrs": [
    {
      "c1": 0.49592247827054453,
      "c2": -0.4959482099809738,
      "a": 0.9874995140242107,
      "b": -0.00038123450599438814,
      "d": -0.0026222370480090637
    },
    {
      "c1": 2.0,
      "c2": -2.0,
      "a": 0.767025634428585,
      "b": -0.00031860336304594437,
      "d": -0.23047483655715292
    }
  ],
  "metrics": {
    "kill_rate_pct": 66.67,
    "killed": 52,
    "n_mutants": 78,
    "mr_precision_pct": 100.0,
    "avg_pso_iterations": 196.125,
    "converged_runs": 16,
    "runtime_seconds": 9.909,
    "used_llm": true
  }
}