{
  "function": "tan",
  "mr_count": 2,
  "kill_rate": 0.32051282051282054,
  "mrs": [
    {
      "c1": 0.470886964631287,
      "c2": -0.47091098681038446,
      "a": 1.0,
      "b": 3.141592653589793,
      "d": -4.0671804390344444e-05
    },
    {
      "c1": 0.6111578958186459,
      "c2": -0.6111888101342869,
      "a": 1.0,
      "b": -3.141592653589793,
      "d": -2.8079073765324876e-05
    }
  ],
  "metrics": {
    "kill_rate_pct": 32.05,
    "killed": 25,
    "n_mutants": 78,
    "mr_precision_pct": 25.0,
    "avg_pso_iterations": 165.375,
    "converged_runs": 16,
    "runtime_seconds": 10.053,
    "used_llm": true
  }
}