{
  "function": "sin",
  "mr_count": 3,
  "kill_rate": 1.0,
  "mrs": [
    {
      "c1": 0.27824058548856345,
      "c2": -0.2783101271216779,
      "a": -0.9999502980620062,
      "b": -9.424932651859875,
      "d": -1.729001751363974e-05
    },
    {
      "c1": 1.4828290681655437e-05,
      "c2": -0.6710722879582667,
      "a": -1.226864061543381e-06,
      "b": 6.3297787880463305,
      "d": 0.03126229716200459
    },
    {
      "c1": 0.33715701650583135,
      "c2": 0.3372282126634326,
      "a": 1.000012156140523,
      "b": -9.42483163273525,
      "d": 1.6345522032949617e-05
    }
  ],
  "metrics": {
    "kill_rate_pct": 100.0,
    "killed": 78,
    "n_mutants": 78,
    "mr_precision_pct": 100.0,
    "avg_pso_iterations": 100.0,
    "converged_runs": 0,
    "runtime_seconds": 0.318,
    "used_llm": false
  }
}